Company,Role,Date Applied,Contact Name,Contact Email,Status,Job Link,Followed Up
Google,Intern,2026-01-01,Mr. Google,mrgoogle123@test123.com,Rejected,https://jobs.com/google-intern,0
Microsoft,Intern,2026-01-01,John Doe,jdoe123@test123.com,Applied,https://jobs.com/microsoft-intern,1
Tesla,Python Dev,2026-04-05,Nicola,ntesla123@test123.com,Interviewed,https://jobs.com/tesla-python-Dev,1
Meta,Pay Data Analyst,2026-04-08,Meta Llica,abc@test123.com,Applied,https://jobs.com/meta-Pay-data-analyst,0
Google,Python Dev,2026-01-02,Sundar P,sp@google.com,Applied,https://jobs.com/google-python-Dev,0
Google,HRIS Data Analyst,2026-01-02,Sundar P,sp@google.com,Interviewed,https://jobs.com/google-hris-data-analyst,1
Microsoft,Power BI Dev,2026-01-05,Satya N,sn@microsoft.com,Applied,https://jobs.com/microsoft-power-bi-Dev,0
Amazon,Pay Data Analyst,2026-01-07,Andy J,aj@amazon.com,Rejected,https://jobs.com/amazon-Pay-data-analyst,1
Meta,Python Dev,2026-01-10,Mark Z,mz@meta.com,Applied,https://jobs.com/meta-python-Dev,0
JPMorgan Chase,Pay Data Analyst,2026-01-12,Jamie D,jd@jpmorgan.com,Applied,https://jobs.com/jpmorgan-chase-Pay-data-analyst,0
JPMorgan Chase,HRIS Data Analyst,2026-01-12,Jamie D,jd@jpmorgan.com,Applied,https://jobs.com/jpmorgan-chase-hris-data-analyst,1
UnitedHealth,HRIS Data Analyst,2026-01-15,Andrew W,aw@uhg.com,Applied,https://jobs.com/unitedhealth-hris-data-analyst,0
UnitedHealth,Pay Data Analyst,2026-01-15,Andrew W,aw@uhg.com,Applied,https://jobs.com/unitedhealth-Pay-data-analyst,0
CVS Health,Power BI Dev,2026-01-18,Karen L,kl@cvs.com,Applied,https://jobs.com/cvs-health-power-bi-Dev,1
Apple,Python Dev,2026-01-20,Tim C,tc@apple.com,Interviewed,https://jobs.com/apple-python-Dev,1
Walmart,Pay Data Analyst,2026-01-22,Doug M,dm@walmart.com,Applied,https://jobs.com/walmart-Pay-data-analyst,0
Target,HRIS Data Analyst,2026-01-22,Brian C,bc@target.com,Applied,https://jobs.com/target-hris-data-analyst,0
Netflix,Python Dev,2026-01-25,Ted S,ts@netflix.com,Applied,https://jobs.com/netflix-python-Dev,1
Salesforce,Power BI Dev,2026-01-28,Marc B,mb@salesforce.com,Applied,https://jobs.com/salesforce-power-bi-Dev,0
Abbott,HRIS Data Analyst,2026-02-01,Robert F,rf@abbott.com,Applied,https://jobs.com/abbott-hris-data-analyst,1
Baxter,Pay Data Analyst,2026-02-01,Joe A,ja@baxter.com,Applied,https://jobs.com/baxter-Pay-data-analyst,0
State Farm,Power BI Dev,2026-02-05,Michael T,mt@statefarm.com,Applied,https://jobs.com/state-farm-power-bi-Dev,0
Allstate,Python Dev,2026-02-05,Tom W,tw@allstate.com,Applied,https://jobs.com/allstate-python-Dev,1
Walgreens,Pay Data Analyst,2026-02-08,Roz B,rb@walgreens.com,Applied,https://jobs.com/walgreens-Pay-data-analyst,0
McDonalds,HRIS Data Analyst,2026-02-10,Chris K,ck@mcdonalds.com,Applied,https://jobs.com/mcdonalds-hris-data-analyst,1
Boeing,Python Dev,2026-02-12,Dave C,dc@boeing.com,Interviewed,https://jobs.com/boeing-python-Dev,1
Caterpillar,Power BI Dev,2026-02-12,Jim U,ju@cat.com,Applied,https://jobs.com/caterpillar-power-bi-Dev,0
Accenture,Python Dev,2026-02-15,Julie S,js@accenture.com,Applied,https://jobs.com/accenture-python-Dev,0
Deloitte,HRIS Data Analyst,2026-02-15,Joe U,ju@deloitte.com,Applied,https://jobs.com/deloitte-hris-data-analyst,1
IBM,Python Dev,2026-02-18,Arvind K,ak@ibm.com,Applied,https://jobs.com/ibm-python-Dev,0
Oracle,HRIS Data Analyst,2026-02-20,Safra C,sc@oracle.com,Applied,https://jobs.com/oracle-hris-data-analyst,1
Oracle,Pay Data Analyst,2026-02-20,Safra C,sc@oracle.com,Interviewed,https://jobs.com/oracle-Pay-data-analyst,1
General Motors,Power BI Dev,2026-02-22,Mary B,mb@gm.com,Applied,https://jobs.com/general-motors-power-bi-Dev,0
Ford,Python Dev,2026-02-22,Jim F,jf@ford.com,Applied,https://jobs.com/ford-python-Dev,0
United Airlines,Pay Data Analyst,2026-02-25,Scott K,sk@united.com,Applied,https://jobs.com/united-airlines-Pay-data-analyst,1
American Airlines,HRIS Data Analyst,2026-02-25,Robert I,ri@aa.com,Applied,https://jobs.com/american-airlines-hris-data-analyst,0
Discover,Pay Data Analyst,2026-02-28,Roger H,rh@discover.com,Applied,https://jobs.com/discover-Pay-data-analyst,1
Northern Trust,HRIS Data Analyst,2026-02-28,Michael O,mo@ntrs.com,Applied,https://jobs.com/northern-trust-hris-data-analyst,0
Grainger,Power BI Dev,2026-03-02,DG Mac,dg@grainger.com,Applied,https://jobs.com/grainger-power-bi-Dev,0
CDW,Python Dev,2026-03-02,Christine L,cl@cdw.com,Applied,https://jobs.com/cdw-python-Dev,1
Ulta,Pay Data Analyst,2026-03-05,Dave K,dk@ulta.com,Applied,https://jobs.com/ulta-Pay-data-analyst,0
Nike,Python Dev,2026-03-07,John D,jd@nike.com,Applied,https://jobs.com/nike-python-Dev,1
Adidas,Power BI Dev,2026-03-07,Bjorn G,bg@adidas.com,Applied,https://jobs.com/adidas-power-bi-Dev,0
ServiceNow,HRIS Data Analyst,2026-03-10,Bill M,bm@servicenow.com,Applied,https://jobs.com/servicenow-hris-data-analyst,0
Snowflake,Python Dev,2026-03-10,Frank S,fs@snowflake.com,Applied,https://jobs.com/snowflake-python-Dev,1
Workday,HRIS Data Analyst,2026-03-12,Aneel B,ab@workday.com,Interviewed,https://jobs.com/workday-hris-data-analyst,1
Peloton,Python Dev,2026-03-14,Recruiter J,jr@peloton.com,Applied,https://jobs.com/peloton-python-Dev,0
Starbucks,Pay Data Analyst,2026-03-15,Laxman N,ln@starbucks.com,Applied,https://jobs.com/starbucks-Pay-data-analyst,0
Home Depot,Power BI Dev,2026-03-18,Ted D,td@homedepot.com,Applied,https://jobs.com/home-depot-power-bi-Dev,1
Lowes,HRIS Data Analyst,2026-03-18,Marvin E,me@lowes.com,Applied,https://jobs.com/lowes-hris-data-analyst,0
Tesla,Python Dev,2026-03-20,Elon M,em@tesla.com,Applied,https://jobs.com/tesla-python-Dev,1
Tesla,Power BI Dev,2026-03-20,Elon M,em@tesla.com,Applied,https://jobs.com/tesla-power-bi-Dev,0
SpaceX,Python Dev,2026-03-22,Gwynne S,gs@spacex.com,Applied,https://jobs.com/spacex-python-Dev,0
Intuit,Pay Data Analyst,2026-03-22,Sasan G,sg@intuit.com,Applied,https://jobs.com/intuit-Pay-data-analyst,1
Adobe,Power BI Dev,2026-03-25,Shantanu N,sn@adobe.com,Applied,https://jobs.com/adobe-power-bi-Dev,0
Spotify,Python Dev,2026-03-25,Daniel E,de@spotify.com,Applied,https://jobs.com/spotify-python-Dev,1
Uber,Python Dev,2026-03-27,Dara K,dk@uber.com,Applied,https://jobs.com/uber-python-Dev,0
Lyft,Power BI Dev,2026-03-27,David R,dr@lyft.com,Applied,https://jobs.com/lyft-power-bi-Dev,0
Zoom,HRIS Data Analyst,2026-03-29,Eric Y,ey@zoom.us,Applied,https://jobs.com/zoom-hris-data-analyst,1
Slack,Python Dev,2026-03-29,Stewart B,sb@slack.com,Applied,https://jobs.com/slack-python-Dev,0
NVIDIA,Python Dev,2026-03-31,Jensen H,jh@nvidia.com,Interviewed,https://jobs.com/nvidia-python-Dev,1
AMD,Power BI Dev,2026-03-31,Lisa S,ls@amd.com,Applied,https://jobs.com/amd-power-bi-Dev,0
Intel,Pay Data Analyst,2026-04-02,Pat G,pg@intel.com,Applied,https://jobs.com/intel-Pay-data-analyst,0
Visa,Pay Data Analyst,2026-04-02,Al K,ak@visa.com,Applied,https://jobs.com/visa-Pay-data-analyst,1
Mastercard,HRIS Data Analyst,2026-04-02,Michael M,mm@mastercard.com,Applied,https://jobs.com/mastercard-hris-data-analyst,0
Goldman Sachs,Python Dev,2026-04-03,David S,ds@gs.com,Applied,https://jobs.com/goldman-sachs-python-Dev,1
Morgan Stanley,Power BI Dev,2026-04-03,James G,jg@ms.com,Applied,https://jobs.com/morgan-stanley-power-bi-Dev,0
TMobile,Python Dev,2026-04-04,Mike S,ms@tmobile.com,Applied,https://jobs.com/tmobile-python-Dev,0
Verizon,HRIS Data Analyst,2026-04-04,Hans V,hv@verizon.com,Applied,https://jobs.com/verizon-hris-data-analyst,1
ATT,Pay Data Analyst,2026-04-04,John S,js@att.com,Applied,https://jobs.com/att-Pay-data-analyst,0
Disney,Power BI Dev,2026-04-05,Bob C,bc@disney.com,Applied,https://jobs.com/disney-power-bi-Dev,1
PepsiCo,HRIS Data Analyst,2026-04-06,Ramon L,rl@pepsico.com,Applied,https://jobs.com/pepsico-hris-data-analyst,0
CocaCola,Pay Data Analyst,2026-04-06,James Q,jq@coca-cola.com,Applied,https://jobs.com/cocacola-Pay-data-analyst,0
Pfizer,Python Dev,2026-04-07,Albert B,ab@pfizer.com,Applied,https://jobs.com/pfizer-python-Dev,1
Moderna,HRIS Data Analyst,2026-04-07,Stephane B,sb@moderna.com,Applied,https://jobs.com/moderna-hris-data-analyst,0
Chevron,Power BI Dev,2026-04-08,Mike W,mw@chevron.com,Applied,https://jobs.com/chevron-power-bi-Dev,1
ExxonMobil,Python Dev,2026-04-08,Darren W,dw@exxon.com,Applied,https://jobs.com/exxonmobil-python-Dev,0
Square,Python Dev,2026-04-08,Jack D,jd@block.xyz,Applied,https://jobs.com/square-python-Dev,0
PayPal,Pay Data Analyst,2026-04-09,Dan S,ds@paypal.com,Applied,https://jobs.com/paypal-Pay-data-analyst,1
Best Buy,HRIS Data Analyst,2026-04-09,Corie B,cb@bestbuy.com,Applied,https://jobs.com/best-buy-hris-data-analyst,0
Costco,Pay Data Analyst,2026-04-09,Craig J,cj@costco.com,Applied,https://jobs.com/costco-Pay-data-analyst,1
FedEx,Power BI Dev,2026-04-10,Raj S,rs@fedex.com,Applied,https://jobs.com/fedex-power-bi-Dev,0
UPS,HRIS Data Analyst,2026-04-10,Carol T,ct@ups.com,Applied,https://jobs.com/ups-hris-data-analyst,0
Airbnb,Python Dev,2026-04-10,Brian C,bc@airbnb.com,Applied,https://jobs.com/airbnb-python-Dev,1
Expedia,Power BI Dev,2026-04-10,Peter K,pk@expedia.com,Applied,https://jobs.com/expedia-power-bi-Dev,0
Etsy,Pay Data Analyst,2026-04-10,Josh S,js@etsy.com,Applied,https://jobs.com/etsy-Pay-data-analyst,1
Shopify,HRIS Data Analyst,2026-04-10,Tobi L,tl@shopify.com,Applied,https://jobs.com/shopify-hris-data-analyst,0
Reddit,Python Dev,2026-04-10,Steve H,sh@reddit.com,Applied,https://jobs.com/reddit-python-Dev,0
Twitter,Power BI Dev,2026-04-10,Linda Y,ly@x.com,Applied,https://jobs.com/twitter-power-bi-Dev,1
DoorDash,Pay Data Analyst,2026-04-10,Tony X,tx@doordash.com,Applied,https://jobs.com/doordash-Pay-data-analyst,0
Instacart,HRIS Data Analyst,2026-04-10,Fidji S,fs@instacart.com,Applied,https://jobs.com/instacart-hris-data-analyst,1
EA,Python Dev,2026-04-11,Andrew W,aw@ea.com,Applied,https://jobs.com/ea-python-Dev,0
Activision,Power BI Dev,2026-04-11,Bobby K,bk@activision.com,Applied,https://jobs.com/activision-power-bi-Dev,0
Roblox,Python Dev,2026-04-11,David B,db@roblox.com,Applied,https://jobs.com/roblox-python-Dev,1
HubSpot,HRIS Data Analyst,2026-04-11,Yamini R,yr@hubspot.com,Applied,https://jobs.com/hubspot-hris-data-analyst,0
Zillow,Pay Data Analyst,2026-04-11,Rich B,rb@zillow.com,Applied,https://jobs.com/zillow-Pay-data-analyst,1
Redfin,Power BI Dev,2026-04-11,Glenn K,gk@redfin.com,Applied,https://jobs.com/redfin-power-bi-Dev,0
LinkedIn,Python Dev,2026-04-11,Ryan R,rr@linkedin.com,Applied,https://jobs.com/linkedin-python-Dev,0
Discord,HRIS Data Analyst,2026-04-11,Jason C,jc@discord.com,Applied,https://jobs.com/discord-hris-data-analyst,1
Slack,Power BI Dev,2026-04-11,Lidiane J,lj@slack.com,Applied,https://jobs.com/slack-power-bi-Dev,0
Oracle,Python Dev,2026-04-11,Safra C,sc@oracle.com,Applied,https://jobs.com/oracle-python-Dev,1
Microsoft,HRIS Data Analyst,2026-04-11,Satya N,sn@microsoft.com,Applied,https://jobs.com/microsoft-hris-data-analyst,0
Amazon,Python Dev,2026-04-11,Andy J,aj@amazon.com,Applied,https://jobs.com/amazon-python-Dev,0
test,test,2026-04-12,test,test,Applied,test,0
